feature,permutation_auprc_drop_mean,permutation_auprc_drop_std,train_coverage
MAP__mean,0.1128172499747502,0.007768623959037674,1.0
MAP__last,0.0985685556716746,0.009208290270965192,1.0
ASA__value,0.0186305714106666,0.0011954364308029435,0.9202322081272845
RemiEffectSite__mean,0.016774107615614063,0.008320451120814868,0.7060847129649538
RR_CO2__mean,0.01446499119884072,0.0027449924331792255,0.9935497742420984
SetTidalVolume__mean,0.009549172904530442,0.005202112261465519,0.9698989464631262
RemiEffectSite__last,0.009498931813846962,0.005295544600834034,0.7060847129649538
PIP__mean,0.00812417624268108,0.0012033922344121383,0.9974199096968394
MAC__last,0.006332716394532552,0.0014610398589820631,0.9987099548484197
MAC__mean,0.005791108615134114,0.0028448253429309957,0.9987099548484197
TidalVolume__last,0.004720451124625236,0.0013049729738095952,0.9967748871210492
InCO2__mean,0.004629545037582731,0.0019249556469845106,0.9952698344442056
BIS__mean,0.004386900980152442,0.0031487824585277957,0.9114168995914858
BIS_SQI__mean,0.004214129427117305,0.00199419623441944,0.9114168995914858
Compliance__last,0.004133033420938451,0.0028303873755867255,0.9989249623736831
RemiEffectSite__std,0.003910633435667972,0.0017631691348274007,0.7060847129649538
RemiRate__mean,0.0037639718135000664,0.003043033111505179,0.7060847129649538
ST_II__mean,0.0036307381384273587,0.0025260059521019238,0.9505482691894216
RemiRate__std,0.003144572100997889,0.0022492510335434955,0.7060847129649538
BIS_SQI__slope_per_min,0.0031206723732304744,0.0009274380015852344,0.9114168995914858
VentLeak__last,0.0030907971700984286,0.0018765466952879652,1.0
RemiRate__coverage,0.0030695671594615542,0.0010997628887992193,1.0
BIS_SQI__last,0.002838797545919621,0.0015296414897714035,0.9114168995914858
PropofolRate__mean,0.002786361879330464,0.001564982568775051,0.3093958288540099
RemiEffectSite__coverage,0.0027323068650934737,0.0010132456179557593,1.0
PropofolEffectSite__mean,0.0027217320996384964,0.0024920849906953074,0.3093958288540099
RemiRate__slope_per_min,0.002719628733386044,0.0009107732406061241,0.6929692539238873
VentLeak__mean,0.0025830171961483367,0.0022548261672133254,1.0
ExpDes__mean,0.002544884883892695,0.0019132516892045124,0.21952268329391528
BIS_SQI__std,0.00229552807809178,0.0011001540692084717,0.9114168995914858
InCO2__last,0.0020497507317426794,0.0006135213897120256,0.9952698344442056
ExpDes__last,0.0020344345211698736,0.0018384398302110447,0.21952268329391528
PEEP__last,0.0019748055223616262,0.0010195233978106911,0.9956998494947323
PlateauPressure__slope_per_min,0.0019665071131746465,0.0007084151255852254,0.8322941302945603
BIS_EMG__mean,0.0018322470992992704,0.002007526286671,0.9079767791872716
PropofolEffectSite__std,0.0017901036609880442,0.0015926320280726318,0.3093958288540099
PropofolRate__std,0.0017890025361947763,0.0009448266675990559,0.3093958288540099
HR__slope_per_min,0.0017466232450064696,0.0007326941310719497,1.0
PEEP__slope_per_min,0.0016684091209109779,0.0005106528761284249,0.832079122769297
RR_CO2__last,0.0016197909546731837,0.002847054424029438,0.9935497742420984
BIS_EMG__last,0.0014761484765103638,0.0018760207454614122,0.9079767791872716
EtCO2__last,0.0014353472396928931,0.001551774546855939,0.9948398193936788
RemiEffectSite__slope_per_min,0.0013596625148896775,0.0016573022017573524,0.6929692539238873
BIS__slope_per_min,0.0013558306224171904,0.001030570465146413,0.9114168995914858
FeO2__std,0.0011592856940988736,0.0005619067387944083,0.9950548269189422
BIS_SEF__coverage,0.001044504198272748,0.0009017319060673993,1.0
BIS_SEF__slope_per_min,0.001019192086826126,0.0008463812523967163,0.8909911846914642
PropofolRate__slope_per_min,0.0010036493476379435,0.001344800173044441,0.30208557299505484
FiO2__slope_per_min,0.0009924736601144902,0.00025728761310486807,0.9946248118684154
ExpDes__std,0.0008609928553570827,0.001075335956866536,0.21952268329391528
PropofolRate__last,0.00079425133917523,0.0005954677032886052,0.3093958288540099
MeanAirwayPressure__last,0.0007840832180071699,0.0014771883250963447,0.9989249623736831
SetTidalVolume__std,0.0006733027026514571,0.0007618761073372404,0.9698989464631262
Compliance__slope_per_min,0.0005521856073738673,0.0007321852623863681,0.8396043861535154
PIP__std,0.0005454179900361567,0.0008159486790050776,0.9974199096968394
PropofolEffectSite__last,0.0004515312796948945,0.0009487607539016671,0.3093958288540099
BIS_SEF__std,0.0004268975606306162,0.001011102009677215,0.891421199741991
ST_II__slope_per_min,0.0003801996797152577,0.0008209056939652376,0.9501182541388948
BIS_SR__std,0.0003550168843122833,0.0004376268414199688,0.891421199741991
BIS_SR__last,0.00035369337963390144,0.00054343998786525,0.891421199741991
BIS_SR__coverage,0.0003522450425148538,0.0005089031427457115,1.0
BIS_SR__mean,0.0003203527233393529,0.0007002078859901754,0.891421199741991
ST_II__last,0.0003079542710699064,0.0008360872026513762,0.9505482691894216
BIS__coverage,0.0003040337707145698,0.0005802420264019061,1.0
PropofolEffectSite__slope_per_min,0.0002898815721630754,0.0008515140368866201,0.30208557299505484
SpO2__std,0.00024468237755250757,0.0002902514114775461,0.9963448720705225
PIP__slope_per_min,0.00024240596769417773,0.0005252389712177225,0.8368092883250914
BIS_SR__slope_per_min,0.00023226615713332435,0.0006704451957511013,0.8909911846914642
ST_II__std,0.00018630973308823758,0.0007412482420158101,0.9505482691894216
PropofolEffectSite__coverage,0.0001821250614450783,0.0012685398710420473,1.0
EtCO2__slope_per_min,0.0001689097514400273,0.0005225596702421397,0.9935497742420984
ExpDes__coverage,0.00015742190301200055,0.0004660460301659393,1.0
TidalVolume__slope_per_min,0.0001570451649180164,0.0009415910758778268,0.8359492582240379
MAC__std,0.0001380606214347842,0.00015820673830989966,0.9987099548484197
EtCO2__std,0.00011148729958713559,0.0005320461976968228,0.9948398193936788
SetRespRate__coverage,0.00010137188989474503,0.0005329315585621379,1.0
FeO2__slope_per_min,9.952297712674991e-05,0.0006080125993413706,0.994409804343152
ST_II__coverage,5.204308107401578e-05,8.827761761453754e-05,1.0
BIS_EMG__coverage,4.145120392399596e-05,0.00045804142649399194,1.0
MeanAirwayPressure__coverage,3.501670496076266e-05,4.333017395623581e-05,1.0
RR_CO2__std,3.180216634579199e-05,8.755198739896728e-05,0.9935497742420984
PIP__coverage,2.2077448019756455e-05,2.6765675977197254e-05,1.0
EtCO2__coverage,1.1561085964047665e-05,4.3005373644679364e-05,1.0
RR_CO2__coverage,1.0026012540657418e-05,1.9992445786572083e-05,1.0
VentLeak__slope_per_min,8.60348584615552e-06,3.914560657572992e-05,0.8408944313050957
VentLeak__coverage,5.87393884811845e-06,3.637492111166225e-05,1.0
PEEP__coverage,4.292352172156436e-06,4.771468472223593e-05,1.0
PEEP__mean,3.120514044815022e-06,0.000828353366822411,0.9956998494947323
SetRespRate__std,4.5668935882240784e-07,9.332560868359131e-07,0.9903246613631477
MAP__coverage,0.0,0.0,1.0
HR__coverage,0.0,0.0,1.0
SpO2__coverage,-4.4920916959142094e-07,1.954220449060124e-06,1.0
FiO2__coverage,-7.883216835498826e-07,4.2459856766386437e-07,1.0
FeO2__coverage,-2.096331646724477e-06,5.987568063349509e-05,1.0
PlateauPressure__coverage,-4.042291776518159e-06,6.053411494694863e-06,1.0
InCO2__coverage,-9.41181514640584e-06,3.640308377267936e-05,1.0
RR_CO2__slope_per_min,-2.1298179925322015e-05,3.455624632160605e-05,0.9924747366157816
MAP__slope_per_min,-2.4458719587661103e-05,0.0009984790043488787,1.0
SpO2__slope_per_min,-2.8309767182251496e-05,2.862024259620262e-05,0.9952698344442056
MeanAirwayPressure__slope_per_min,-2.9765792537739257e-05,8.61177867134038e-05,0.8396043861535154
BIS_SQI__coverage,-3.628063471453983e-05,0.00012609496998200128,1.0
MinuteVolume__coverage,-4.2108530088506385e-05,4.0801462784786835e-05,1.0
SetTidalVolume__slope_per_min,-4.379259316701356e-05,9.32989082835612e-05,0.7886476026660934
Compliance__coverage,-4.68022563598051e-05,7.552536864240253e-05,1.0
TidalVolume__coverage,-5.5487148072504615e-05,6.57901581585438e-05,1.0
MinuteVolume__std,-5.8461191496013885e-05,0.0007788075975988293,0.997204902171576
SetRespRate__slope_per_min,-8.733200010805354e-05,0.0001015093151295014,0.8075682648892711
MAC__slope_per_min,-0.00010440536484387363,5.509084497405816e-05,0.8391743711029886
MinuteVolume__slope_per_min,-0.00010820616445746944,0.00023352663490835404,0.836594280799828
MeanAirwayPressure__std,-0.00012111450077840017,6.604697034643353e-05,0.9989249623736831
PIP__last,-0.0001369301996305139,0.001083268353985736,0.9974199096968394
InCO2__slope_per_min,-0.00017282288865502944,4.731872093344617e-05,0.9946248118684154
Compliance__std,-0.00021844022937112702,0.0010805125951441924,0.9989249623736831
BIS__last,-0.00023474962508849285,0.0017662545815440873,0.9114168995914858
SetTidalVolume__coverage,-0.00024072212085792059,0.0007218166154308647,1.0
InCO2__std,-0.00024117227679290771,0.00018835866702779635,0.9952698344442056
HR__std,-0.00025119695359918277,0.0004640046096691617,1.0
MAC__coverage,-0.0002535196232085313,8.971644915528148e-05,1.0
PEEP__std,-0.00026800740857276797,0.0001701961341674607,0.9956998494947323
PlateauPressure__std,-0.00030773823360889335,0.0008290074405971907,0.9956998494947323
SetRespRate__last,-0.0004854216457225132,0.001989770834148769,0.9903246613631477
BIS_EMG__slope_per_min,-0.0005130235416402785,0.0007541415737003572,0.9079767791872716
PropofolRate__coverage,-0.0005226977230970061,0.000873165376798304,1.0
MAP__std,-0.0005795451341443399,0.0010319691472134166,1.0
BIS__std,-0.0007780455807121241,0.0011250742726036963,0.9114168995914858
ExpSevo__slope_per_min,-0.0008316839843151643,0.0007573011175269111,0.4878520748226188
TidalVolume__mean,-0.0008503930908449697,0.0028201655182216734,0.9967748871210492
EtCO2__mean,-0.0008748057247154773,0.0021928065109790636,0.9948398193936788
RemiRate__last,-0.0009342409690129116,0.004266086374939834,0.7060847129649538
BIS_EMG__std,-0.0010107526977041648,0.001295926890174484,0.9079767791872716
SetTidalVolume__last,-0.0011637691550330676,0.003539969932514556,0.9698989464631262
FiO2__std,-0.0013478409353509598,0.0003524974890806207,0.9952698344442056
TidalVolume__std,-0.0018085224638083855,0.001222395667212004,0.9967748871210492
SpO2__last,-0.0019082774707158024,0.0006140951997834521,0.9963448720705225
PlateauPressure__mean,-0.0019132764572561485,0.0015399855887587108,0.9956998494947323
MeanAirwayPressure__mean,-0.0020355082039309135,0.0012721498968744727,0.9989249623736831
ExpSevo__std,-0.002361977191702665,0.0019705745638507024,0.5891206192216728
FiO2__mean,-0.0031032955861984403,0.004219071638954944,0.9952698344442056
PlateauPressure__last,-0.003449143740486438,0.0011492467232059951,0.9956998494947323
MinuteVolume__mean,-0.0034975432018781285,0.0026382673907196993,0.997204902171576
SetRespRate__mean,-0.0036539406263135046,0.0018212429378822543,0.9903246613631477
ExpSevo__coverage,-0.003983660911417786,0.001551886728981574,1.0
BIS_SEF__last,-0.004763191606115573,0.0030210139479404244,0.891421199741991
Temperature__mean,-0.005199379769404259,0.004342046904682557,0.8353042356482477
MinuteVolume__last,-0.005641596572905235,0.0023420396507298287,0.997204902171576
ExpSevo__last,-0.005681383211112297,0.002879356835213213,0.5891206192216728
ExpSevo__mean,-0.005684869490042188,0.004744115105668071,0.5891206192216728
Temperature__std,-0.006208224938901293,0.0014003960869974476,0.8353042356482477
HR__last,-0.007123516992501489,0.004193660798348951,1.0
Temperature__slope_per_min,-0.007243375536843399,0.0026008222899457454,0.8350892281229843
Temperature__coverage,-0.008099683809962606,0.0024482010248825497,1.0
BIS_SEF__mean,-0.008147993856069647,0.002467683147426871,0.891421199741991
Age__value,-0.008171868200105263,0.0017921829202347374,1.0
FeO2__last,-0.009151782771588797,0.003513694939552035,0.9950548269189422
SpO2__mean,-0.009468792532666285,0.0015585038344501751,0.9963448720705225
HR__mean,-0.009614339799081903,0.0067408805745710326,1.0
Compliance__mean,-0.009771143802721812,0.003228944988188041,0.9989249623736831
Temperature__last,-0.010100004305341045,0.0034313338823046017,0.8353042356482477
FeO2__mean,-0.010249220468912664,0.0038652684350249057,0.9950548269189422
Weight__value,-0.01119365395645704,0.004568829852446951,1.0
FiO2__last,-0.011536466750976226,0.003316956144194173,0.9952698344442056
EmergencyOperation__value,-0.018306923443791163,0.0034210672700846568,1.0
BMI__value,-0.026176562250047393,0.004943221739536737,1.0
Height__value,-0.030935843799131304,0.0065375030127349945,1.0
